"Carimbo de data/hora","Você concorda em participar desta pesquisa acadêmica?","Faixa etária","Qual sua área principal de atuação?","Qual seu tempo de experiência profissional?","Qual sua experiência em testes de  desempenho?","Qual seu nível de familiaridade com MÉTRICAS de desempenho?","Relevância das Informações
A interpretação destacou as informações mais importantes dos resultados apresentados, facilitando a compreensão do comportamento do sistema. [A]","Relevância das Informações
A interpretação destacou as informações mais importantes dos resultados apresentados, facilitando a compreensão do comportamento do sistema. [B]","Relevância das Informações
A interpretação destacou as informações mais importantes dos resultados apresentados, facilitando a compreensão do comportamento do sistema. [C]","Compreensibilidade 
A interpretação é fácil de compreender para pessoas sem conhecimento técnico em testes de desempenho. [A]","Compreensibilidade 
A interpretação é fácil de compreender para pessoas sem conhecimento técnico em testes de desempenho. [B]","Compreensibilidade 
A interpretação é fácil de compreender para pessoas sem conhecimento técnico em testes de desempenho. [C]","Capacidade Explicativa

A interpretação ajudou a compreender o que os resultados observados indicam sobre o desempenho do sistema. [A]","Capacidade Explicativa

A interpretação ajudou a compreender o que os resultados observados indicam sobre o desempenho do sistema. [B]","Capacidade Explicativa

A interpretação ajudou a compreender o que os resultados observados indicam sobre o desempenho do sistema. [C]","Utilidade para Tomada de Decisão 
A interpretação forneceu informações que poderiam auxiliar gestores ou equipes na tomada de decisões sobre o sistema avaliado. [A]","Utilidade para Tomada de Decisão 
A interpretação forneceu informações que poderiam auxiliar gestores ou equipes na tomada de decisões sobre o sistema avaliado. [B]","Utilidade para Tomada de Decisão 
A interpretação forneceu informações que poderiam auxiliar gestores ou equipes na tomada de decisões sobre o sistema avaliado. [C]","Adequação ao Contexto Executivo 
A interpretação apresenta linguagem e nível de detalhamento adequados para gestores e clientes sem conhecimento técnico aprofundado. [A]","Adequação ao Contexto Executivo 
A interpretação apresenta linguagem e nível de detalhamento adequados para gestores e clientes sem conhecimento técnico aprofundado. [B]","Adequação ao Contexto Executivo 
A interpretação apresenta linguagem e nível de detalhamento adequados para gestores e clientes sem conhecimento técnico aprofundado. [C]","Considerando todos os critérios avaliados, qual interpretação você escolheria para compor um relatório executivo destinado à gestão?","Relevância das Informações
A interpretação destacou as informações mais importantes dos resultados apresentados, facilitando a compreensão do comportamento do sistema. [A]","Relevância das Informações
A interpretação destacou as informações mais importantes dos resultados apresentados, facilitando a compreensão do comportamento do sistema. [B]","Relevância das Informações
A interpretação destacou as informações mais importantes dos resultados apresentados, facilitando a compreensão do comportamento do sistema. [C]","Compreensibilidade 
A interpretação é fácil de compreender para pessoas sem conhecimento técnico em testes de desempenho. [A]","Compreensibilidade 
A interpretação é fácil de compreender para pessoas sem conhecimento técnico em testes de desempenho. [B]","Compreensibilidade 
A interpretação é fácil de compreender para pessoas sem conhecimento técnico em testes de desempenho. [C]","Capacidade Explicativa

A interpretação ajudou a compreender o que os resultados observados indicam sobre o desempenho do sistema. [A]","Capacidade Explicativa

A interpretação ajudou a compreender o que os resultados observados indicam sobre o desempenho do sistema. [B]","Capacidade Explicativa

A interpretação ajudou a compreender o que os resultados observados indicam sobre o desempenho do sistema. [C]","Utilidade para Tomada de Decisão 
A interpretação forneceu informações que poderiam auxiliar gestores ou equipes na tomada de decisões sobre o sistema avaliado. [A]","Utilidade para Tomada de Decisão 
A interpretação forneceu informações que poderiam auxiliar gestores ou equipes na tomada de decisões sobre o sistema avaliado. [B]","Utilidade para Tomada de Decisão 
A interpretação forneceu informações que poderiam auxiliar gestores ou equipes na tomada de decisões sobre o sistema avaliado. [C]","Adequação ao Contexto Executivo 
A interpretação apresenta linguagem e nível de detalhamento adequados para gestores e clientes sem conhecimento técnico aprofundado. [A]","Adequação ao Contexto Executivo 
A interpretação apresenta linguagem e nível de detalhamento adequados para gestores e clientes sem conhecimento técnico aprofundado. [B]","Adequação ao Contexto Executivo 
A interpretação apresenta linguagem e nível de detalhamento adequados para gestores e clientes sem conhecimento técnico aprofundado. [C]","Considerando todos os critérios avaliados, qual interpretação você escolheria para compor um relatório executivo destinado à gestão?","Relevância das Informações
A interpretação destacou as informações mais importantes dos resultados apresentados, facilitando a compreensão do comportamento do sistema. [A]","Relevância das Informações
A interpretação destacou as informações mais importantes dos resultados apresentados, facilitando a compreensão do comportamento do sistema. [B]","Relevância das Informações
A interpretação destacou as informações mais importantes dos resultados apresentados, facilitando a compreensão do comportamento do sistema. [C]","Compreensibilidade 
A interpretação é fácil de compreender para pessoas sem conhecimento técnico em testes de desempenho. [A]","Compreensibilidade 
A interpretação é fácil de compreender para pessoas sem conhecimento técnico em testes de desempenho. [B]","Compreensibilidade 
A interpretação é fácil de compreender para pessoas sem conhecimento técnico em testes de desempenho. [C]","Capacidade Explicativa

A interpretação ajudou a compreender o que os resultados observados indicam sobre o desempenho do sistema. [A]","Capacidade Explicativa

A interpretação ajudou a compreender o que os resultados observados indicam sobre o desempenho do sistema. [B]","Capacidade Explicativa

A interpretação ajudou a compreender o que os resultados observados indicam sobre o desempenho do sistema. [C]","Utilidade para Tomada de Decisão 
A interpretação forneceu informações que poderiam auxiliar gestores ou equipes na tomada de decisões sobre o sistema avaliado. [A]","Utilidade para Tomada de Decisão 
A interpretação forneceu informações que poderiam auxiliar gestores ou equipes na tomada de decisões sobre o sistema avaliado. [B]","Utilidade para Tomada de Decisão 
A interpretação forneceu informações que poderiam auxiliar gestores ou equipes na tomada de decisões sobre o sistema avaliado. [C]","Adequação ao Contexto Executivo 
A interpretação apresenta linguagem e nível de detalhamento adequados para gestores e clientes sem conhecimento técnico aprofundado. [A]","Adequação ao Contexto Executivo 
A interpretação apresenta linguagem e nível de detalhamento adequados para gestores e clientes sem conhecimento técnico aprofundado. [B]","Adequação ao Contexto Executivo 
A interpretação apresenta linguagem e nível de detalhamento adequados para gestores e clientes sem conhecimento técnico aprofundado. [C]","Considerando todos os critérios avaliados, qual interpretação você escolheria para compor um relatório executivo destinado à gestão?","Relevância das Informações
A interpretação destacou as informações mais importantes dos resultados apresentados, facilitando a compreensão do comportamento do sistema. [A]","Relevância das Informações
A interpretação destacou as informações mais importantes dos resultados apresentados, facilitando a compreensão do comportamento do sistema. [B]","Relevância das Informações
A interpretação destacou as informações mais importantes dos resultados apresentados, facilitando a compreensão do comportamento do sistema. [C]","Compreensibilidade 
A interpretação é fácil de compreender para pessoas sem conhecimento técnico em testes de desempenho. [A]","Compreensibilidade 
A interpretação é fácil de compreender para pessoas sem conhecimento técnico em testes de desempenho. [B]","Compreensibilidade 
A interpretação é fácil de compreender para pessoas sem conhecimento técnico em testes de desempenho. [C]","Capacidade Explicativa

A interpretação ajudou a compreender o que os resultados observados indicam sobre o desempenho do sistema. [A]","Capacidade Explicativa

A interpretação ajudou a compreender o que os resultados observados indicam sobre o desempenho do sistema. [B]","Capacidade Explicativa

A interpretação ajudou a compreender o que os resultados observados indicam sobre o desempenho do sistema. [C]","Utilidade para Tomada de Decisão 
A interpretação forneceu informações que poderiam auxiliar gestores ou equipes na tomada de decisões sobre o sistema avaliado. [A]","Utilidade para Tomada de Decisão 
A interpretação forneceu informações que poderiam auxiliar gestores ou equipes na tomada de decisões sobre o sistema avaliado. [B]","Utilidade para Tomada de Decisão 
A interpretação forneceu informações que poderiam auxiliar gestores ou equipes na tomada de decisões sobre o sistema avaliado. [C]","Adequação ao Contexto Executivo 
A interpretação apresenta linguagem e nível de detalhamento adequados para gestores e clientes sem conhecimento técnico aprofundado. [A]","Adequação ao Contexto Executivo 
A interpretação apresenta linguagem e nível de detalhamento adequados para gestores e clientes sem conhecimento técnico aprofundado. [B]","Adequação ao Contexto Executivo 
A interpretação apresenta linguagem e nível de detalhamento adequados para gestores e clientes sem conhecimento técnico aprofundado. [C]","Considerando todos os critérios avaliados, qual interpretação você escolheria para compor um relatório executivo destinado à gestão?","Relevância das Informações
A interpretação destacou as informações mais importantes dos resultados apresentados, facilitando a compreensão do comportamento do sistema. [A]","Relevância das Informações
A interpretação destacou as informações mais importantes dos resultados apresentados, facilitando a compreensão do comportamento do sistema. [B]","Relevância das Informações
A interpretação destacou as informações mais importantes dos resultados apresentados, facilitando a compreensão do comportamento do sistema. [C]","Compreensibilidade 
A interpretação é fácil de compreender para pessoas sem conhecimento técnico em testes de desempenho. [A]","Compreensibilidade 
A interpretação é fácil de compreender para pessoas sem conhecimento técnico em testes de desempenho. [B]","Compreensibilidade 
A interpretação é fácil de compreender para pessoas sem conhecimento técnico em testes de desempenho. [C]","Capacidade Explicativa

A interpretação ajudou a compreender o que os resultados observados indicam sobre o desempenho do sistema. [A]","Capacidade Explicativa

A interpretação ajudou a compreender o que os resultados observados indicam sobre o desempenho do sistema. [B]","Capacidade Explicativa

A interpretação ajudou a compreender o que os resultados observados indicam sobre o desempenho do sistema. [C]","Utilidade para Tomada de Decisão 
A interpretação forneceu informações que poderiam auxiliar gestores ou equipes na tomada de decisões sobre o sistema avaliado. [A]","Utilidade para Tomada de Decisão 
A interpretação forneceu informações que poderiam auxiliar gestores ou equipes na tomada de decisões sobre o sistema avaliado. [B]","Utilidade para Tomada de Decisão 
A interpretação forneceu informações que poderiam auxiliar gestores ou equipes na tomada de decisões sobre o sistema avaliado. [C]","Adequação ao Contexto Executivo 
A interpretação apresenta linguagem e nível de detalhamento adequados para gestores e clientes sem conhecimento técnico aprofundado. [A]","Adequação ao Contexto Executivo 
A interpretação apresenta linguagem e nível de detalhamento adequados para gestores e clientes sem conhecimento técnico aprofundado. [B]","Adequação ao Contexto Executivo 
A interpretação apresenta linguagem e nível de detalhamento adequados para gestores e clientes sem conhecimento técnico aprofundado. [C]","Considerando todos os critérios avaliados, qual interpretação você escolheria para compor um relatório executivo destinado à gestão?","Relevância das Informações
A interpretação destacou as informações mais importantes dos resultados apresentados, facilitando a compreensão do comportamento do sistema. [A]","Relevância das Informações
A interpretação destacou as informações mais importantes dos resultados apresentados, facilitando a compreensão do comportamento do sistema. [B]","Relevância das Informações
A interpretação destacou as informações mais importantes dos resultados apresentados, facilitando a compreensão do comportamento do sistema. [C]","Compreensibilidade 
A interpretação é fácil de compreender para pessoas sem conhecimento técnico em testes de desempenho. [A]","Compreensibilidade 
A interpretação é fácil de compreender para pessoas sem conhecimento técnico em testes de desempenho. [B]","Compreensibilidade 
A interpretação é fácil de compreender para pessoas sem conhecimento técnico em testes de desempenho. [C]","Capacidade Explicativa

A interpretação ajudou a compreender o que os resultados observados indicam sobre o desempenho do sistema. [A]","Capacidade Explicativa

A interpretação ajudou a compreender o que os resultados observados indicam sobre o desempenho do sistema. [B]","Capacidade Explicativa

A interpretação ajudou a compreender o que os resultados observados indicam sobre o desempenho do sistema. [C]","Utilidade para Tomada de Decisão 
A interpretação forneceu informações que poderiam auxiliar gestores ou equipes na tomada de decisões sobre o sistema avaliado. [A]","Utilidade para Tomada de Decisão 
A interpretação forneceu informações que poderiam auxiliar gestores ou equipes na tomada de decisões sobre o sistema avaliado. [B]","Utilidade para Tomada de Decisão 
A interpretação forneceu informações que poderiam auxiliar gestores ou equipes na tomada de decisões sobre o sistema avaliado. [C]","Adequação ao Contexto Executivo 
A interpretação apresenta linguagem e nível de detalhamento adequados para gestores e clientes sem conhecimento técnico aprofundado. [A]","Adequação ao Contexto Executivo 
A interpretação apresenta linguagem e nível de detalhamento adequados para gestores e clientes sem conhecimento técnico aprofundado. [B]","Adequação ao Contexto Executivo 
A interpretação apresenta linguagem e nível de detalhamento adequados para gestores e clientes sem conhecimento técnico aprofundado. [C]","Considerando todos os critérios avaliados, qual interpretação você escolheria para compor um relatório executivo destinado à gestão?","Relevância das Informações
A interpretação destacou as informações mais importantes dos resultados apresentados, facilitando a compreensão do comportamento do sistema. [A]","Relevância das Informações
A interpretação destacou as informações mais importantes dos resultados apresentados, facilitando a compreensão do comportamento do sistema. [B]","Relevância das Informações
A interpretação destacou as informações mais importantes dos resultados apresentados, facilitando a compreensão do comportamento do sistema. [C]","Compreensibilidade 
A interpretação é fácil de compreender para pessoas sem conhecimento técnico em testes de desempenho. [A]","Compreensibilidade 
A interpretação é fácil de compreender para pessoas sem conhecimento técnico em testes de desempenho. [B]","Compreensibilidade 
A interpretação é fácil de compreender para pessoas sem conhecimento técnico em testes de desempenho. [C]","Capacidade Explicativa

A interpretação ajudou a compreender o que os resultados observados indicam sobre o desempenho do sistema. [A]","Capacidade Explicativa

A interpretação ajudou a compreender o que os resultados observados indicam sobre o desempenho do sistema. [B]","Capacidade Explicativa

A interpretação ajudou a compreender o que os resultados observados indicam sobre o desempenho do sistema. [C]","Utilidade para Tomada de Decisão 
A interpretação forneceu informações que poderiam auxiliar gestores ou equipes na tomada de decisões sobre o sistema avaliado. [A]","Utilidade para Tomada de Decisão 
A interpretação forneceu informações que poderiam auxiliar gestores ou equipes na tomada de decisões sobre o sistema avaliado. [B]","Utilidade para Tomada de Decisão 
A interpretação forneceu informações que poderiam auxiliar gestores ou equipes na tomada de decisões sobre o sistema avaliado. [C]","Adequação ao Contexto Executivo 
A interpretação apresenta linguagem e nível de detalhamento adequados para gestores e clientes sem conhecimento técnico aprofundado. [A]","Adequação ao Contexto Executivo 
A interpretação apresenta linguagem e nível de detalhamento adequados para gestores e clientes sem conhecimento técnico aprofundado. [B]","Adequação ao Contexto Executivo 
A interpretação apresenta linguagem e nível de detalhamento adequados para gestores e clientes sem conhecimento técnico aprofundado. [C]","Considerando todos os critérios avaliados, qual interpretação você escolheria para compor um relatório executivo destinado à gestão?","Deseja registrar alguma observação, sugestão ou crítica sobre os relatórios apresentados ou sobre esta pesquisa?"
"2026/06/24 5:17:42 PM GMT-3","Concordo em participar","21 a 30 anos","Engenharia de Software","2 a 5 anos","Intermediária","4","4","5","3","4","3","5","4","3","5","3","4","5","4","3","5","Interpretação C","5","4","3","3","4","5","3","4","5","3","4","5","3","5","4","Interpretação C","3","4","5","3","4","5","3","4","5","3","4","5","3","4","5","Interpretação C","3","4","5","3","4","5","3","4","5","3","4","5","3","4","5","Interpretação C","1","2","4","2","3","5","3","4","5","3","4","5","2","3","5","Interpretação C","3","4","5","3","4","5","3","4","5","3","4","5","3","4","5","Interpretação C","3","4","5","3","4","5","3","4","5","3","4","5","3","4","5","Interpretação C",""
"2026/06/25 11:55:02 AM GMT-3","Concordo em participar","21 a 30 anos","Computação","Menos de 2 anos","Básica","3","5","2","4","5","4","3","5","3","4","4","3","5","5","3","4","Interpretação A","5","3","4","5","3","4","4","3","5","4","3","5","4","3","5","Interpretação C","3","5","4","3","5","4","4","3","5","4","3","5","3","4","5","Interpretação C","5","4","3","5","4","3","5","3","4","5","3","4","5","3","4","Interpretação A","4","3","5","5","3","4","4","3","5","4","3","5","5","3","4","Interpretação A","5","4","3","5","4","3","5","3","4","5","3","4","3","4","5","Interpretação A","3","4","5","5","3","4","3","4","5","5","3","4","4","3","5","Interpretação C",""
"2026/06/25 12:20:16 PM GMT-3","Concordo em participar","21 a 30 anos","Computação","2 a 5 anos","Básica","3","3","4","5","3","4","5","3","4","5","3","4","5","3","4","5","Interpretação C","3","4","5","3","4","5","3","4","5","3","4","5","3","4","5","Interpretação C","3","4","5","3","4","5","3","4","5","3","4","5","3","4","5","Interpretação C","3","4","5","3","4","5","3","4","5","3","4","5","3","4","5","Interpretação C","3","4","5","3","4","5","3","4","5","3","4","5","3","4","5","Interpretação C","3","4","5","3","4","5","3","4","5","3","4","5","3","4","5","Interpretação C","3","4","5","3","4","5","3","4","5","3","4","5","3","4","5","Interpretação C",""
"2026/06/25 12:24:47 PM GMT-3","Concordo em participar","21 a 30 anos","Engenharia de Software;Teste de Software;Teste de Desempenho;Qualidade de Software","2 a 5 anos","Avançada","5","3","4","5","1","3","5","2","3","5","3","4","5","3","4","5","Interpretação C","3","4","5","2","3","5","1","2","5","3","4","5","3","4","5","Interpretação C","3","4","5","3","4","5","3","4","5","3","4","5","3","4","5","Interpretação C","3","4","5","3","4","5","3","4","5","3","4","5","3","4","5","Interpretação C","3","4","5","3","4","5","3","4","5","3","4","5","3","4","5","Interpretação C","3","4","5","3","4","5","3","4","5","3","4","5","3","4","5","Interpretação C","3","4","5","3","4","5","3","4","5","3","4","5","3","4","5","Interpretação C","As três interpretações são feitas por IA, o que o estudo deixa claro, mas não tem nenhuma versão feita por humano pra comparar, então no fim ele só compara três jeitos de pedir pro mesmo modelo, e a diferença real entre elas acaba sendo basicamente o formato. A terceira sempre vem dividida em seções, resumo executivo, principais resultados, impactos pros usuários, impactos pro negócio, riscos e pontos de atenção, conclusão, e quando você olha os critérios que a pergunta pede pra avaliar, relevância, compreensibilidade, capacidade explicativa, utilidade pra decisão, adequação ao contexto executivo, é praticamente a mesma coisa que os títulos das seções da C. Ou seja, a C não comunica melhor, ela só anuncia no próprio cabeçalho que cobre cada critério que vocês perguntam, então a pergunta já tá montada pra favorecer ela. Fora que a terceira é a mais longa de todas, e resumo executivo bom é o contrário disso, quanto menos texto melhor, porque quem lê é gestor que não tem tempo, mas não tem nenhum critério aqui que penalize ser grande demais.  E não tem aleatorização nenhuma, é sempre A, B, C na mesma ordem em todas as seções, com a estruturada sempre na C, aí depois da segunda seção a gente já decorou o padrão e só responde no automático."
"2026/06/25 1:29:39 PM GMT-3","Concordo em participar","21 a 30 anos","Engenharia de Software","2 a 5 anos","Básica","3","4","5","3","3","4","5","4","5","3","4","5","3","3","4","5","Interpretação B","4","5","3","3","4","5","4","5","3","3","4","5","3","5","4","Interpretação B","4","5","3","3","4","5","3","5","4","3","5","4","3","5","4","Interpretação B","4","5","3","3","5","4","4","5","3","3","5","4","3","4","5","Interpretação B","4","5","3","4","5","3","4","5","3","4","5","3","3","5","4","Interpretação B","4","5","3","4","5","3","3","5","4","3","5","4","4","5","3","Interpretação B","4","5","3","4","5","3","3","5","4","3","5","4","3","5","4","Interpretação B",""
"2026/06/25 3:56:13 PM GMT-3","Concordo em participar","21 a 30 anos","Engenharia de Software","Menos de 2 anos","Básica","3","3","4","5","1","2","5","3","4","5","3","4","5","1","4","5","Interpretação C","2","4","5","3","4","5","3","4","5","3","4","5","3","4","5","Interpretação C","4","3","5","3","4","5","3","4","5","3","4","5","3","4","5","Interpretação C","3","5","4","5","4","3","3","5","4","3","4","5","3","4","5","Interpretação C","3","5","4","3","4","5","3","4","5","3","4","5","3","4","5","Interpretação C","3","4","5","3","4","5","3","4","5","3","4","5","3","4","5","Interpretação C","1","2","5","1","2","5","1","2","5","1","2","5","1","2","5","Interpretação C",""
"2026/06/25 7:31:11 PM GMT-3","Concordo em participar","Até 20 anos","Computação","Menos de 2 anos","Básica","3","5","4","3","3","4","5","3","4","5","4","5","3","4","3","5","Interpretação C","2","5","4","2","4","3","4","5","3","2","4","3","2","4","5","Interpretação C","5","4","2","5","4","3","4","3","5","3","2","5","3","2","5","Interpretação A","5","4","3","5","4","3","3","5","4","3","4","5","4","3","5","Interpretação C","5","4","3","5","3","2","5","2","4","5","2","4","4","3","5","Interpretação A","5","3","4","5","4","3","5","4","3","5","2","4","5","2","4","Interpretação A","4","5","3","4","5","3","4","5","3","3","5","4","3","4","5","Interpretação B",""
"2026/06/27 1:45:34 PM GMT-3","Concordo em participar","21 a 30 anos","vendas","2 a 5 anos","Nenhuma","1","4","3","5","4","2","5","5","3","4","5","2","4","4","2","5","Interpretação C","5","3","4","4","3","5","4","3","5","5","3","4","4","3","5","Interpretação C","3","4","5","5","4","3","3","4","5","4","3","5","3","4","5","Interpretação C","3","4","5","3","5","4","3","4","5","3","4","5","3","4","5","Interpretação C","4","3","5","4","5","3","4","3","5","3","4","5","3","4","5","Interpretação C","4","3","5","5","4","3","4","3","5","4","3","5","3","4","5","Interpretação C","4","3","5","5","4","3","3","4","5","3","4","5","4","3","5","Interpretação C",""
"2026/06/27 3:48:14 PM GMT-3","Concordo em participar","21 a 30 anos","Engenharia de Software","Menos de 2 anos","Básica","3","3","4","5","4","3","5","3","4","5","3","4","5","4","3","5","Interpretação C","3","4","5","3","4","5","3","4","5","4","3","5","3","4","5","Interpretação C","2","4","5","5","3","4","3","4","5","4","3","5","3","4","5","Interpretação C","4","3","5","5","3","4","3","4","5","4","3","5","3","4","5","Interpretação C","3","4","5","4","3","5","3","4","5","4","2","5","3","4","5","Interpretação C","4","3","5","4","3","5","3","4","5","3","4","5","3","4","5","Interpretação C","3","4","5","4","3","5","3","4","5","3","4","5","3","4","5","Interpretação C","Sobre a pesquisa, achei a pesquisa bem organizada e as interpretações foram fáceis de comparar. Em alguns momentos os relatórios eram bem parecidos, então ficou um pouco difícil decidir qual era o melhor. Como não tenho muita experiência com testes de desempenho, gostei mais dos textos que explicavam os resultados de forma simples e mostravam o que eles poderiam significar para os usuários e para o negócio.  Na minha opinião, as opções A e B mostravam bem os resultados e as conclusões, mas geralmente paravam por aí. Ja a opção C ia um pouco além, trazia os possíveis impactos, os pontos de atenção e os aspectos que talvez deveriam merecer uma análise mais detalhada, isso fez com que ela parecesse mais completa e mais util para quem precisa entender mais rápido a situação pra tomar alguma decisão"
"2026/06/28 3:11:17 PM GMT-3","Concordo em participar","21 a 30 anos","Engenharia de Software","Menos de 2 anos","Básica","3","3","4","5","4","5","3","3","4","5","3","4","5","4","5","3","Interpretação B","4","3","5","5","3","4","4","3","5","3","2","5","5","3","4","Interpretação C","2","3","5","3","4","5","3","4","5","2","3","5","3","4","5","Interpretação C","4","3","5","4","3","5","4","2","5","4","2","5","4","3","5","Interpretação C","4","3","5","4","3","5","4","3","5","3","2","5","4","3","5","Interpretação C","4","3","5","4","3","5","5","3","4","4","3","5","4","3","5","Interpretação A","4","3","5","4","3","5","4","3","5","4","3","5","4","3","5","Interpretação C",""
"2026/06/28 4:01:10 PM GMT-3","Concordo em participar","21 a 30 anos","Engenharia de Software","Menos de 2 anos","Básica","4","3","4","5","3","4","5","4","3","5","3","4","5","3","4","5","Interpretação C","4","3","5","3","4","5","3","4","5","3","4","5","3","4","5","Interpretação C","3","4","5","3","4","5","3","4","5","3","4","5","3","4","5","Interpretação C","3","4","5","4","3","5","3","4","5","3","4","5","3","4","5","Interpretação C","3","4","5","3","5","4","4","3","5","3","4","5","3","4","5","Interpretação C","3","4","5","4","3","5","3","4","5","3","4","5","3","4","5","Interpretação C","3","4","5","3","4","5","4","3","5","3","4","5","3","4","5","Interpretação C",""
"2026/06/28 9:42:11 PM GMT-3","Concordo em participar","21 a 30 anos","Engenharia de Software","Menos de 2 anos","Básica","3","4","3","5","4","3","5","4","3","5","3","2","4","4","3","5","Interpretação C","3","4","5","3","4","5","3","4","5","2","3","4","3","4","5","Interpretação C","3","4","5","3","4","5","3","4","5","2","3","4","3","4","5","Interpretação C","3","4","5","3","4","5","3","4","5","2","3","4","3","4","5","Interpretação C","3","4","5","3","4","5","3","4","5","2","3","4","3","4","5","Interpretação C","3","4","5","3","4","5","3","4","5","2","3","4","3","4","5","Interpretação C","3","4","5","3","4","5","3","4","5","2","3","4","3","4","5","Interpretação C",""
"2026/06/29 5:31:36 PM GMT-3","Concordo em participar","Até 20 anos","Computação","Menos de 2 anos","Nenhuma","1","4","3","2","4","3","5","1","2","3","5","4","2","5","4","3","Interpretação A","2","3","4","5","4","3","4","3","2","4","5","3","3","4","5","Interpretação B","2","3","4","2","3","5","2","3","4","5","4","3","3","4","2","Interpretação A","3","2","1","4","3","2","2","3","4","5","4","3","5","4","3","Interpretação B","2","1","3","4","3","2","4","3","2","5","2","4","3","5","4","Interpretação B","4","3","5","1","2","3","5","4","3","2","3","4","5","4","3","Interpretação C","5","4","2","5","4","2","3","4","5","5","4","3","3","4","5","Interpretação B",""
"2026/06/29 5:41:12 PM GMT-3","Concordo em participar","21 a 30 anos","Engenharia de Software","Menos de 2 anos","Nenhuma","3","3","4","5","3","4","5","3","4","5","2","3","4","3","4","5","Interpretação C","3","4","5","4","3","5","4","3","5","3","4","5","4","3","5","Interpretação C","4","5","3","4","3","5","3","4","5","3","4","5","4","3","5","Interpretação C","3","4","5","4","5","3","3","4","5","3","4","5","3","4","5","Interpretação C","4","3","5","5","4","3","3","4","5","4","3","5","3","4","5","Interpretação C","4","3","5","3","4","5","2","4","5","3","4","5","4","3","5","Interpretação C","4","3","5","5","4","2","4","3","5","3","4","5","4","3","5","Interpretação C",""
"2026/06/29 5:48:03 PM GMT-3","Concordo em participar","Até 20 anos","Engenharia de Software","2 a 5 anos","Nenhuma","3","3","1","4","1","2","3","3","2","5","1","3","4","5","1","3","Interpretação A","1","3","5","5","2","1","4","2","3","1","2","3","1","3","2","Interpretação C","1","2","3","5","1","4","2","3","4","1","2","4","5","1","2","Interpretação C","3","2","1","4","2","1","3","2","1","3","2","1","3","2","1","Interpretação C","1","4","2","1","5","2","5","4","1","1","4","3","4","2","5","Interpretação B","1","3","5","1","2","3","1","2","3","3","2","5","1","2","4","Interpretação A","1","2","3","3","2","4","2","3","5","4","2","3","1","3","5","Interpretação C",""